{
  "1": {
    "branch": "🏢 Душанбе",
    "category": "💻 Ноутбуки и ПК",
    "subcategory": "💻 Ноутбуки",
    "brand": "HP",
    "problem": "Не работает",
    "client_id": 8296004753,
    "urgency": "⏳ Обычная",
    "status": "Новая"
  },
  "2": {
    "branch": "🏢 Душанбе",
    "category": "🏠 Бытовая Техника",
    "subcategory": "🧺 Стиральные машины",
    "brand": "Lg",
    "problem": "Не работает",
    "client_id": 8296004753,
    "urgency": "⏳ Обычная",
    "status": "🧪 Диагностика"
  },
  "3": {
    "branch": "🏢 Душанбе",
    "category": "💻 Ноутбуки и ПК",
    "subcategory": "💻 Ноутбуки",
    "brand": "Dell",
    "problem": "Не работает",
    "client_id": 8296004753,
    "urgency": "⏳ Обычная",
    "status": "🧪 Диагностика",
    "id": 3,
    "created_at": "08.02.2026 14:06"
  },
  "4": {
    "branch": "🏢 Душанбе",
    "category": "💻 Ноутбуки и ПК",
    "subcategory": "💻 Ноутбуки",
    "brand": "HP",
    "problem": "Не работает",
    "client_id": 8296004753,
    "urgency": "⏳ Обычная",
    "status": "🧪 Диагностика",
    "id": 4,
    "created_at": "08.02.2026 14:32"
  },
  "5": {
    "branch": "🏢 Душанбе",
    "category": "💻 Ноутбуки и ПК",
    "subcategory": "🖥 ПК",
    "brand": "Intel",
    "problem": "Не работает экран",
    "client_id": 8296004753,
    "urgency": "⏳ Обычная",
    "status": "🧪 Диагностика",
    "id": 5,
    "created_at": "08.02.2026 14:41"
  },
  "6": {
    "branch": "🏢 Душанбе",
    "category": "💻 Ноутбуки и ПК",
    "subcategory": "💻 Ноутбуки",
    "brand": "HP",
    "problem": "Не работает",
    "client_id": 8296004753,
    "urgency": "⏳ Обычная",
    "status": "🧪 Диагностика",
    "id": 6,
    "created_at": "08.02.2026 14:54"
  },
  "7": {
    "branch": "🏢 Душанбе",
    "category": "💻 Ноутбуки и ПК",
    "subcategory": "💻 Ноутбуки",
    "brand": "HP",
    "problem": "не работает",
    "client_id": 8296004753,
    "urgency": "⏳ Обычная",
    "status": "🧪 Диагностика",
    "id": 7,
    "created_at": "08.02.2026 15:03"
  }
}